{
    "database": "CIC",
    "tables": [
      {
        "name": "itens_bisturi",
        "columns": {
          "id": "INT AUTO_INCREMENT PRIMARY KEY",
          "nome": "VARCHAR(500) NOT NULL",
          "tipo_lamina": "ENUM('10', '11', '12', '15', '20', '21', '22', '23') NOT NULL",
          "tipo_cabo": "ENUM('3', '4') NOT NULL"
        }
      },
      {
        "name": "itens_tesoura",
        "columns": {
          "id": "INT AUTO_INCREMENT PRIMARY KEY",
          "nome": "VARCHAR(500) NOT NULL",
          "tipo": "ENUM('Mayo', 'Metzenbaum', 'Potts-Smith', 'Dissecção', 'Lister', 'Iris') NOT NULL"
        }
      },
      {
        "name": "pinca",
        "columns": {
          "id": "INT AUTO_INCREMENT PRIMARY KEY",
          "tipo_pinca": "VARCHAR(50) NOT NULL",
          "tamanho": "VARCHAR(50) NOT NULL",
          "tipo": "ENUM('Adson', 'Brown-Adson', 'Sem dentes', 'Com dentes') NOT NULL",
          "qtde": "INT NOT NULL"
        }
      },
      {
        "name": "afastador",
        "columns": {
          "id": "INT AUTO_INCREMENT PRIMARY KEY",
          "modelo": "VARCHAR(50) NOT NULL",
          "tipo": "ENUM('Farabeuf', 'Finochietto', 'Gosset') NOT NULL",
          "tamanho": "VARCHAR(50) NOT NULL",
          "qtde": "INT NOT NULL"
        }
      },
      {
        "name": "ferramenta",
        "columns": {
          "id": "INT AUTO_INCREMENT PRIMARY KEY",
          "tipo_de_ferramenta": "VARCHAR(50) NOT NULL",
          "pinca_id_fk": "INT NULL",
          "tesoura_id_fk": "INT NULL",
          "afastador_id_fk": "INT NULL"
        },
        "foreign_keys": {
          "pinca_id_fk": "REFERENCES pinca(id)",
          "tesoura_id_fk": "REFERENCES itens_tesoura(id)",
          "afastador_id_fk": "REFERENCES afastador(id)"
        }
      },
      {
        "name": "kit",
        "columns": {
          "id": "INT AUTO_INCREMENT PRIMARY KEY",
          "nome_kit": "VARCHAR(50) NOT NULL",
          "sala_cirurgia": "VARCHAR(100) NOT NULL",
          "data_hora_envio": "DATETIME NOT NULL"
        }
      },
      {
        "name": "ferramentas_kit",
        "columns": {
          "id_kit": "INT NOT NULL",
          "id_ferramentas": "INT NOT NULL",
          "totalFerramentas": "INT NOT NULL"
        },
        "primary_key": ["id_kit", "id_ferramentas"],
        "foreign_keys": {
          "id_kit": "REFERENCES kit(id)",
          "id_ferramentas": "REFERENCES ferramenta(id)"
        }
      },
      {
        "name": "usuarios",
        "columns": {
          "id": "INT AUTO_INCREMENT PRIMARY KEY",
          "nome": "VARCHAR(100) NOT NULL",
          "cpf": "VARCHAR(50) UNIQUE NOT NULL",
          "senha": "VARCHAR(50) NOT NULL",
          "tipo_usuario": "ENUM('CME', 'Instrumentador') NOT NULL"
        }
      },
      {
        "name": "kit_status_cirurgico",
        "columns": {
          "id": "INT AUTO_INCREMENT PRIMARY KEY",
          "id_kit": "INT NOT NULL",
          "id_ferramentas": "INT NOT NULL",
          "status": "ENUM('Confirmado recebimento', 'Faltando instrumentos', 'Encaminhado para o CME') NOT NULL",
          "usuario_id": "INT NOT NULL",
          "data_hora_status": "DATETIME NOT NULL",
          "observacao": "TEXT"
        },
        "foreign_keys": {
          "id_kit": "REFERENCES kit(id)",
          "id_ferramentas": "REFERENCES ferramentas_kit(id_ferramentas)",
          "usuario_id": "REFERENCES usuarios(id)"
        }
      },
      {
        "name": "kit_status_CME",
        "columns": {
          "id": "INT AUTO_INCREMENT PRIMARY KEY",
          "id_kit": "INT NOT NULL",
          "id_ferramentas": "INT NOT NULL",
          "status": "ENUM('Recebimento confirmado', 'Faltando instrumentos') NOT NULL",
          "usuario_id": "INT NOT NULL",
          "data_hora_status": "DATETIME NOT NULL",
          "observacao": "TEXT"
        },
        "foreign_keys": {
          "id_kit": "REFERENCES kit(id)",
          "id_ferramentas": "REFERENCES ferramentas_kit(id_ferramentas)",
          "usuario_id": "REFERENCES usuarios(id)"
        }
      }
    ]
  }
  